{
    "lambda_values": [
        0.1,
        0.14827586206896554,
        0.19655172413793104,
        0.24482758620689657,
        0.2931034482758621,
        0.3413793103448276,
        0.3896551724137931,
        0.4379310344827586,
        0.4862068965517241,
        0.5344827586206896,
        0.5827586206896551,
        0.6310344827586206,
        0.6793103448275862,
        0.7275862068965517,
        0.7758620689655172,
        0.8241379310344827,
        0.8724137931034482,
        0.9206896551724137,
        0.9689655172413792,
        1.0172413793103448,
        1.0655172413793104,
        1.113793103448276,
        1.1620689655172414,
        1.210344827586207,
        1.2586206896551726,
        1.306896551724138,
        1.3551724137931036,
        1.403448275862069,
        1.4517241379310346,
        1.5
    ],
    "B": [
        [
            1.3950957916408484,
            0.6652289422655688,
            0.0,
            0.0,
            0.0,
            0.0,
            0.0,
            0.0,
            0.0,
            0.0
        ],
        [
            0.6652289422655688,
            1.3950957916408484,
            0.6093341310025637,
            0.0,
            0.0,
            0.0,
            0.0,
            0.0,
            0.0,
            0.0
        ],
        [
            0.0,
            0.6093341310025637,
            1.3950957916408484,
            0.29563643720349814,
            0.0,
            0.0,
            0.0,
            0.0,
            0.0,
            0.0
        ],
        [
            0.0,
            0.0,
            0.29563643720349814,
            1.3950957916408484,
            0.4646354483079679,
            0.0,
            0.0,
            0.0,
            0.0,
            0.0
        ],
        [
            0.0,
            0.0,
            0.0,
            0.4646354483079679,
            1.3950957916408484,
            0.7206650492120119,
            0.0,
            0.0,
            0.0,
            0.0
        ],
        [
            0.0,
            0.0,
            0.0,
            0.0,
            0.7206650492120119,
            1.3950957916408484,
            0.3850546129655883,
            0.0,
            0.0,
            0.0
        ],
        [
            0.0,
            0.0,
            0.0,
            0.0,
            0.0,
            0.3850546129655883,
            1.3950957916408484,
            0.833582390874743,
            0.0,
            0.0
        ],
        [
            0.0,
            0.0,
            0.0,
            0.0,
            0.0,
            0.0,
            0.833582390874743,
            1.3950957916408484,
            0.853667790064125,
            0.0
        ],
        [
            0.0,
            0.0,
            0.0,
            0.0,
            0.0,
            0.0,
            0.0,
            0.853667790064125,
            1.3950957916408484,
            0.5235777559456004
        ],
        [
            0.0,
            0.0,
            0.0,
            0.0,
            0.0,
            0.0,
            0.0,
            0.0,
            0.5235777559456004,
            1.3950957916408484
        ]
    ],
    "sample_scaling": 1.0,
    "rho": 1.0,
    "max_iter": 100,
    "tol": 0.0001,
    "threshold": 0.01,
    "log_dir": "experiment_logs/n_10_scale_1.0"
}