{
    "lambda_values": [
        0.0,
        0.05555555555555555,
        0.1111111111111111,
        0.16666666666666666,
        0.2222222222222222,
        0.2777777777777778,
        0.3333333333333333,
        0.38888888888888884,
        0.4444444444444444,
        0.5
    ],
    "n": 200,
    "sample_scaling": 5,
    "alpha": 0.98,
    "rho": 8.0,
    "max_iter": 500,
    "tol": 0.0001,
    "threshold": 0.01,
    "log_dir": "experiment_logs/n_200_scale_5/alpha_0.980"
}