lambda,f1
0.0,0.4924623115577889
0.03333333333333333,0.7777777777777778
0.06666666666666667,0.9333333333333333
0.1,0.98989898989899
0.13333333333333333,0.98989898989899
0.16666666666666666,0.98989898989899
0.2,0.98989898989899
0.23333333333333334,0.98989898989899
0.26666666666666666,0.98989898989899
0.3,0.98989898989899
