lambda,f1
0.0,0.4734299516908213
0.03333333333333333,0.7259259259259259
0.06666666666666667,0.8672566371681416
0.1,0.9423076923076923
0.13333333333333333,0.9607843137254902
0.16666666666666666,0.98
0.2,1.0
0.23333333333333334,1.0
0.26666666666666666,1.0
0.3,1.0
