{
    "lambda_values": [
        0.1,
        0.14827586206896554,
        0.19655172413793104,
        0.24482758620689657,
        0.2931034482758621,
        0.3413793103448276,
        0.3896551724137931,
        0.4379310344827586,
        0.4862068965517241,
        0.5344827586206896,
        0.5827586206896551,
        0.6310344827586206,
        0.6793103448275862,
        0.7275862068965517,
        0.7758620689655172,
        0.8241379310344827,
        0.8724137931034482,
        0.9206896551724137,
        0.9689655172413792,
        1.0172413793103448,
        1.0655172413793104,
        1.113793103448276,
        1.1620689655172414,
        1.210344827586207,
        1.2586206896551726,
        1.306896551724138,
        1.3551724137931036,
        1.403448275862069,
        1.4517241379310346,
        1.5
    ],
    "B": [
        [
            1.0,
            0.10730457438567749,
            0.0,
            0.0,
            0.0,
            0.0,
            0.0,
            0.0,
            0.0,
            0.0
        ],
        [
            0.10730457438567749,
            1.0,
            0.46850649662812327,
            0.0,
            0.0,
            0.0,
            0.0,
            0.0,
            0.0,
            0.0
        ],
        [
            0.0,
            0.46850649662812327,
            1.0,
            0.570421788728428,
            0.0,
            0.0,
            0.0,
            0.0,
            0.0,
            0.0
        ],
        [
            0.0,
            0.0,
            0.570421788728428,
            1.0,
            0.3703028895089938,
            0.0,
            0.0,
            0.0,
            0.0,
            0.0
        ],
        [
            0.0,
            0.0,
            0.0,
            0.3703028895089938,
            1.0,
            0.5112591900136322,
            0.0,
            0.0,
            0.0,
            0.0
        ],
        [
            0.0,
            0.0,
            0.0,
            0.0,
            0.5112591900136322,
            1.0,
            0.5686939714725556,
            0.0,
            0.0,
            0.0
        ],
        [
            0.0,
            0.0,
            0.0,
            0.0,
            0.0,
            0.5686939714725556,
            1.0,
            0.6369789614696493,
            0.0,
            0.0
        ],
        [
            0.0,
            0.0,
            0.0,
            0.0,
            0.0,
            0.0,
            0.6369789614696493,
            1.0,
            0.11715744402972526,
            0.0
        ],
        [
            0.0,
            0.0,
            0.0,
            0.0,
            0.0,
            0.0,
            0.0,
            0.11715744402972526,
            1.0,
            0.676679333376558
        ],
        [
            0.0,
            0.0,
            0.0,
            0.0,
            0.0,
            0.0,
            0.0,
            0.0,
            0.676679333376558,
            1.0
        ]
    ],
    "sample_scaling": 5.0,
    "rho": 1.0,
    "max_iter": 100,
    "tol": 0.0001,
    "threshold": 0.01,
    "log_dir": "experiment_logs/n_10_scale_5.0"
}