lambda,f1
0.1,0.6876404494382022
0.11034482758620691,0.6879271070615034
0.1206896551724138,0.6792452830188678
0.1310344827586207,0.6698564593301435
0.1413793103448276,0.6829268292682926
0.1517241379310345,0.6962962962962963
0.1620689655172414,0.694789081885856
0.1724137931034483,0.7017543859649124
0.1827586206896552,0.7091836734693877
0.1931034482758621,0.7040816326530611
0.20344827586206898,0.699228791773779
0.2137931034482759,0.699481865284974
0.2241379310344828,0.6979166666666666
0.23448275862068968,0.6979166666666666
0.24482758620689657,0.6981627296587927
0.2551724137931035,0.6965699208443271
0.2655172413793104,0.7002652519893898
0.27586206896551724,0.6933333333333334
0.28620689655172415,0.6864864864864864
0.29655172413793107,0.6902173913043478
0.306896551724138,0.6831955922865014
0.3172413793103449,0.6834733893557422
0.32758620689655177,0.6816901408450704
0.33793103448275863,0.6742209631728046
0.34827586206896555,0.6685714285714285
0.35862068965517246,0.6685878962536023
0.3689655172413794,0.672463768115942
0.3793103448275863,0.6744186046511628
0.3896551724137931,0.6705539358600583
0.4,0.6627565982404692
