{
    "lambda_values": [
        0.0,
        0.1111111111111111,
        0.2222222222222222,
        0.3333333333333333,
        0.4444444444444444,
        0.5555555555555556,
        0.6666666666666666,
        0.7777777777777777,
        0.8888888888888888,
        1.0
    ],
    "n": 100,
    "sample_scaling": 5,
    "alpha": 0.95,
    "rho": 7.0,
    "max_iter": 500,
    "tol": 0.0001,
    "threshold": 0.01,
    "log_dir": "experiment_logs/n_100_scale_5/alpha_0.950"
}